S,L,0,4321,1234
M,S,1234,3087,1234
S,L,0,3087,2468
M,S,1234,1853,2468
S,L,0,1853,3702
M,S,1234,619,3702
S,L,0,619,4936
M,S,619,0,4936
L,M,619,4321,615
M,S,1234,3706,615
S,L,0,3706,1849
M,S,1234,2472,1849
S,L,0,2472,3083
M,S,1234,1238,3083
S,L,0,1238,4317
M,S,1234,4,4317
S,L,0,4,5551
M,S,4,0,5551
L,M,4,4321,1230
M,S,1234,3091,1230
S,L,0,3091,2464
M,S,1234,1857,2464
S,L,0,1857,3698
M,S,1234,623,3698
S,L,0,623,4932
M,S,623,0,4932
L,M,623,4321,611
M,S,1234,3710,611
S,L,0,3710,1845
M,S,1234,2476,1845
S,L,0,2476,3079
M,S,1234,1242,3079
S,L,0,1242,4313
M,S,1234,8,4313
S,L,0,8,5547
M,S,8,0,5547
L,M,8,4321,1226
M,S,1234,3095,1226
S,L,0,3095,2460
M,S,1234,1861,2460
S,L,0,1861,3694
M,S,1234,627,3694
S,L,0,627,4928
M,S,627,0,4928
L,M,627,4321,607
M,S,1234,3714,607
S,L,0,3714,1841
M,S,1234,2480,1841
S,L,0,2480,3075
M,S,1234,1246,3075
S,L,0,1246,4309
M,S,1234,12,4309
S,L,0,12,5543
M,S,12,0,5543
L,M,12,4321,1222
M,S,1234,3099,1222
S,L,0,3099,2456
M,S,1234,1865,2456
S,L,0,1865,3690
M,S,1234,631,3690
S,L,0,631,4924
M,S,631,0,4924
L,M,631,4321,603
M,S,1234,3718,603
S,L,0,3718,1837
M,S,1234,2484,1837
S,L,0,2484,3071
M,S,1234,1250,3071
S,L,0,1250,4305
M,S,1234,16,4305
S,L,0,16,5539
M,S,16,0,5539
L,M,16,4321,1218
M,S,1234,3103,1218
S,L,0,3103,2452
M,S,1234,1869,2452
S,L,0,1869,3686
M,S,1234,635,3686
S,L,0,635,4920
M,S,635,0,4920
L,M,635,4321,599
M,S,1234,3722,599
S,L,0,3722,1833
M,S,1234,2488,1833
S,L,0,2488,3067
M,S,1234,1254,3067
S,L,0,1254,4301
M,S,1234,20,4301
S,L,0,20,5535
M,S,20,0,5535
L,M,20,4321,1214
M,S,1234,3107,1214
S,L,0,3107,2448
M,S,1234,1873,2448
S,L,0,1873,3682
M,S,1234,639,3682
S,L,0,639,4916
M,S,639,0,4916
L,M,639,4321,595
M,S,1234,3726,595
S,L,0,3726,1829
M,S,1234,2492,1829
S,L,0,2492,3063
M,S,1234,1258,3063
S,L,0,1258,4297
M,S,1234,24,4297
S,L,0,24,5531
M,S,24,0,5531
L,M,24,4321,1210
M,S,1234,3111,1210
S,L,0,3111,2444
M,S,1234,1877,2444
S,L,0,1877,3678
M,S,1234,643,3678
S,L,0,643,4912
M,S,643,0,4912
L,M,643,4321,591
M,S,1234,3730,591
S,L,0,3730,1825
M,S,1234,2496,1825
S,L,0,2496,3059
M,S,1234,1262,3059
S,L,0,1262,4293
M,S,1234,28,4293
S,L,0,28,5527
M,S,28,0,5527
L,M,28,4321,1206
M,S,1234,3115,1206
S,L,0,3115,2440
M,S,1234,1881,2440
S,L,0,1881,3674
M,S,1234,647,3674
S,L,0,647,4908
M,S,647,0,4908
L,M,647,4321,587
M,S,1234,3734,587
S,L,0,3734,1821
M,S,1234,2500,1821
S,L,0,2500,3055
M,S,1234,1266,3055
S,L,0,1266,4289
M,S,1234,32,4289
S,L,0,32,5523
M,S,32,0,5523
L,M,32,4321,1202
M,S,1234,3119,1202
S,L,0,3119,2436
M,S,1234,1885,2436
S,L,0,1885,3670
M,S,1234,651,3670
S,L,0,651,4904
M,S,651,0,4904
L,M,651,4321,583
M,S,1234,3738,583
S,L,0,3738,1817
M,S,1234,2504,1817
S,L,0,2504,3051
M,S,1234,1270,3051
S,L,0,1270,4285
M,S,1234,36,4285
S,L,0,36,5519
M,S,36,0,5519
L,M,36,4321,1198
M,S,1234,3123,1198
S,L,0,3123,2432
M,S,1234,1889,2432
S,L,0,1889,3666
M,S,1234,655,3666
S,L,0,655,4900
M,S,655,0,4900
L,M,655,4321,579
M,S,1234,3742,579
S,L,0,3742,1813
M,S,1234,2508,1813
S,L,0,2508,3047
M,S,1234,1274,3047
S,L,0,1274,4281
M,S,1234,40,4281
S,L,0,40,5515
M,S,40,0,5515
L,M,40,4321,1194
M,S,1234,3127,1194
S,L,0,3127,2428
M,S,1234,1893,2428
S,L,0,1893,3662
M,S,1234,659,3662
S,L,0,659,4896
M,S,659,0,4896
L,M,659,4321,575
M,S,1234,3746,575
S,L,0,3746,1809
M,S,1234,2512,1809
S,L,0,2512,3043
M,S,1234,1278,3043
S,L,0,1278,4277
M,S,1234,44,4277
S,L,0,44,5511
M,S,44,0,5511
L,M,44,4321,1190
M,S,1234,3131,1190
S,L,0,3131,2424
M,S,1234,1897,2424
S,L,0,1897,3658
M,S,1234,663,3658
S,L,0,663,4892
M,S,663,0,4892
L,M,663,4321,571
M,S,1234,3750,571
S,L,0,3750,1805
M,S,1234,2516,1805
S,L,0,2516,3039
M,S,1234,1282,3039
S,L,0,1282,4273
M,S,1234,48,4273
S,L,0,48,5507
M,S,48,0,5507
L,M,48,4321,1186
M,S,1234,3135,1186
S,L,0,3135,2420
M,S,1234,1901,2420
S,L,0,1901,3654
M,S,1234,667,3654
S,L,0,667,4888
M,S,667,0,4888
L,M,667,4321,567
M,S,1234,3754,567
S,L,0,3754,1801
M,S,1234,2520,1801
S,L,0,2520,3035
M,S,1234,1286,3035
S,L,0,1286,4269
M,S,1234,52,4269
S,L,0,52,5503
M,S,52,0,5503
L,M,52,4321,1182
M,S,1234,3139,1182
S,L,0,3139,2416
M,S,1234,1905,2416
S,L,0,1905,3650
M,S,1234,671,3650
S,L,0,671,4884
M,S,671,0,4884
L,M,671,4321,563
M,S,1234,3758,563
S,L,0,3758,1797
M,S,1234,2524,1797
S,L,0,2524,3031
M,S,1234,1290,3031
S,L,0,1290,4265
M,S,1234,56,4265
S,L,0,56,5499
M,S,56,0,5499
L,M,56,4321,1178
M,S,1234,3143,1178
S,L,0,3143,2412
M,S,1234,1909,2412
S,L,0,1909,3646
M,S,1234,675,3646
S,L,0,675,4880
M,S,675,0,4880
L,M,675,4321,559
M,S,1234,3762,559
S,L,0,3762,1793
M,S,1234,2528,1793
S,L,0,2528,3027
M,S,1234,1294,3027
S,L,0,1294,4261
M,S,1234,60,4261
S,L,0,60,5495
M,S,60,0,5495
L,M,60,4321,1174
M,S,1234,3147,1174
S,L,0,3147,2408
M,S,1234,1913,2408
S,L,0,1913,3642
M,S,1234,679,3642
S,L,0,679,4876
M,S,679,0,4876
L,M,679,4321,555
M,S,1234,3766,555
S,L,0,3766,1789
M,S,1234,2532,1789
S,L,0,2532,3023
M,S,1234,1298,3023
S,L,0,1298,4257
M,S,1234,64,4257
S,L,0,64,5491
M,S,64,0,5491
L,M,64,4321,1170
M,S,1234,3151,1170
S,L,0,3151,2404
M,S,1234,1917,2404
S,L,0,1917,3638
M,S,1234,683,3638
S,L,0,683,4872
M,S,683,0,4872
L,M,683,4321,551
M,S,1234,3770,551
S,L,0,3770,1785
M,S,1234,2536,1785
S,L,0,2536,3019
M,S,1234,1302,3019
S,L,0,1302,4253
M,S,1234,68,4253
S,L,0,68,5487
M,S,68,0,5487
L,M,68,4321,1166
M,S,1234,3155,1166
S,L,0,3155,2400
M,S,1234,1921,2400
S,L,0,1921,3634
M,S,1234,687,3634
S,L,0,687,4868
M,S,687,0,4868
L,M,687,4321,547
M,S,1234,3774,547
S,L,0,3774,1781
M,S,1234,2540,1781
S,L,0,2540,3015
M,S,1234,1306,3015
S,L,0,1306,4249
M,S,1234,72,4249
S,L,0,72,5483
M,S,72,0,5483
L,M,72,4321,1162
M,S,1234,3159,1162
S,L,0,3159,2396
M,S,1234,1925,2396
S,L,0,1925,3630
M,S,1234,691,3630
S,L,0,691,4864
M,S,691,0,4864
L,M,691,4321,543
M,S,1234,3778,543
S,L,0,3778,1777
M,S,1234,2544,1777
S,L,0,2544,3011
M,S,1234,1310,3011
S,L,0,1310,4245
M,S,1234,76,4245
S,L,0,76,5479
M,S,76,0,5479
L,M,76,4321,1158
M,S,1234,3163,1158
S,L,0,3163,2392
M,S,1234,1929,2392
S,L,0,1929,3626
M,S,1234,695,3626
S,L,0,695,4860
M,S,695,0,4860
L,M,695,4321,539
M,S,1234,3782,539
S,L,0,3782,1773
M,S,1234,2548,1773
S,L,0,2548,3007
M,S,1234,1314,3007
S,L,0,1314,4241
M,S,1234,80,4241
S,L,0,80,5475
M,S,80,0,5475
L,M,80,4321,1154
M,S,1234,3167,1154
S,L,0,3167,2388
M,S,1234,1933,2388
S,L,0,1933,3622
M,S,1234,699,3622
S,L,0,699,4856
M,S,699,0,4856
L,M,699,4321,535
M,S,1234,3786,535
S,L,0,3786,1769
M,S,1234,2552,1769
S,L,0,2552,3003
M,S,1234,1318,3003
S,L,0,1318,4237
M,S,1234,84,4237
S,L,0,84,5471
M,S,84,0,5471
L,M,84,4321,1150
M,S,1234,3171,1150
S,L,0,3171,2384
M,S,1234,1937,2384
S,L,0,1937,3618
M,S,1234,703,3618
S,L,0,703,4852
M,S,703,0,4852
L,M,703,4321,531
M,S,1234,3790,531
S,L,0,3790,1765
M,S,1234,2556,1765
S,L,0,2556,2999
M,S,1234,1322,2999
S,L,0,1322,4233
M,S,1234,88,4233
S,L,0,88,5467
M,S,88,0,5467
L,M,88,4321,1146
M,S,1234,3175,1146
S,L,0,3175,2380
M,S,1234,1941,2380
S,L,0,1941,3614
M,S,1234,707,3614
S,L,0,707,4848
M,S,707,0,4848
L,M,707,4321,527
M,S,1234,3794,527
S,L,0,3794,1761
M,S,1234,2560,1761
S,L,0,2560,2995
M,S,1234,1326,2995
S,L,0,1326,4229
M,S,1234,92,4229
S,L,0,92,5463
M,S,92,0,5463
L,M,92,4321,1142
M,S,1234,3179,1142
S,L,0,3179,2376
M,S,1234,1945,2376
S,L,0,1945,3610
M,S,1234,711,3610
S,L,0,711,4844
M,S,711,0,4844
L,M,711,4321,523
M,S,1234,3798,523
S,L,0,3798,1757
M,S,1234,2564,1757
S,L,0,2564,2991
M,S,1234,1330,2991
S,L,0,1330,4225
M,S,1234,96,4225
S,L,0,96,5459
M,S,96,0,5459
L,M,96,4321,1138
M,S,1234,3183,1138
S,L,0,3183,2372
M,S,1234,1949,2372
S,L,0,1949,3606
M,S,1234,715,3606
S,L,0,715,4840
M,S,715,0,4840
L,M,715,4321,519
M,S,1234,3802,519
S,L,0,3802,1753
M,S,1234,2568,1753
S,L,0,2568,2987
M,S,1234,1334,2987
S,L,0,1334,4221
M,S,1234,100,4221
S,L,0,100,5455
M,S,100,0,5455
L,M,100,4321,1134
M,S,1234,3187,1134
S,L,0,3187,2368
M,S,1234,1953,2368
S,L,0,1953,3602
M,S,1234,719,3602
S,L,0,719,4836
M,S,719,0,4836
L,M,719,4321,515
M,S,1234,3806,515
S,L,0,3806,1749
M,S,1234,2572,1749
S,L,0,2572,2983
M,S,1234,1338,2983
S,L,0,1338,4217
M,S,1234,104,4217
S,L,0,104,5451
M,S,104,0,5451
L,M,104,4321,1130
M,S,1234,3191,1130
S,L,0,3191,2364
M,S,1234,1957,2364
S,L,0,1957,3598
M,S,1234,723,3598
S,L,0,723,4832
M,S,723,0,4832
L,M,723,4321,511
M,S,1234,3810,511
S,L,0,3810,1745
M,S,1234,2576,1745
S,L,0,2576,2979
M,S,1234,1342,2979
S,L,0,1342,4213
M,S,1234,108,4213
S,L,0,108,5447
M,S,108,0,5447
L,M,108,4321,1126
M,S,1234,3195,1126
S,L,0,3195,2360
M,S,1234,1961,2360
S,L,0,1961,3594
M,S,1234,727,3594
S,L,0,727,4828
M,S,727,0,4828
L,M,727,4321,507
M,S,1234,3814,507
S,L,0,3814,1741
M,S,1234,2580,1741
S,L,0,2580,2975
M,S,1234,1346,2975
S,L,0,1346,4209
M,S,1234,112,4209
S,L,0,112,5443
M,S,112,0,5443
L,M,112,4321,1122
M,S,1234,3199,1122
S,L,0,3199,2356
M,S,1234,1965,2356
S,L,0,1965,3590
M,S,1234,731,3590
S,L,0,731,4824
M,S,731,0,4824
L,M,731,4321,503
M,S,1234,3818,503
S,L,0,3818,1737
M,S,1234,2584,1737
S,L,0,2584,2971
M,S,1234,1350,2971
S,L,0,1350,4205
M,S,1234,116,4205
S,L,0,116,5439
M,S,116,0,5439
L,M,116,4321,1118
M,S,1234,3203,1118
S,L,0,3203,2352
M,S,1234,1969,2352
S,L,0,1969,3586
M,S,1234,735,3586
S,L,0,735,4820
M,S,735,0,4820
L,M,735,4321,499
M,S,1234,3822,499
S,L,0,3822,1733
M,S,1234,2588,1733
S,L,0,2588,2967
M,S,1234,1354,2967
S,L,0,1354,4201
M,S,1234,120,4201
S,L,0,120,5435
M,S,120,0,5435
L,M,120,4321,1114
M,S,1234,3207,1114
S,L,0,3207,2348
M,S,1234,1973,2348
S,L,0,1973,3582
M,S,1234,739,3582
S,L,0,739,4816
M,S,739,0,4816
L,M,739,4321,495
M,S,1234,3826,495
S,L,0,3826,1729
M,S,1234,2592,1729
S,L,0,2592,2963
M,S,1234,1358,2963
S,L,0,1358,4197
M,S,1234,124,4197
S,L,0,124,5431
M,S,124,0,5431
L,M,124,4321,1110
M,S,1234,3211,1110
S,L,0,3211,2344
M,S,1234,1977,2344
S,L,0,1977,3578
M,S,1234,743,3578
S,L,0,743,4812
M,S,743,0,4812
L,M,743,4321,491
M,S,1234,3830,491
S,L,0,3830,1725
M,S,1234,2596,1725
S,L,0,2596,2959
M,S,1234,1362,2959
S,L,0,1362,4193
M,S,1234,128,4193
S,L,0,128,5427
M,S,128,0,5427
L,M,128,4321,1106
M,S,1234,3215,1106
S,L,0,3215,2340
M,S,1234,1981,2340
S,L,0,1981,3574
M,S,1234,747,3574
S,L,0,747,4808
M,S,747,0,4808
L,M,747,4321,487
M,S,1234,3834,487
S,L,0,3834,1721
M,S,1234,2600,1721
S,L,0,2600,2955
M,S,1234,1366,2955
S,L,0,1366,4189
M,S,1234,132,4189
S,L,0,132,5423
M,S,132,0,5423
L,M,132,4321,1102
M,S,1234,3219,1102
S,L,0,3219,2336
M,S,1234,1985,2336
S,L,0,1985,3570
M,S,1234,751,3570
S,L,0,751,4804
M,S,751,0,4804
L,M,751,4321,483
M,S,1234,3838,483
S,L,0,3838,1717
M,S,1234,2604,1717
S,L,0,2604,2951
M,S,1234,1370,2951
S,L,0,1370,4185
M,S,1234,136,4185
S,L,0,136,5419
M,S,136,0,5419
L,M,136,4321,1098
M,S,1234,3223,1098
S,L,0,3223,2332
M,S,1234,1989,2332
S,L,0,1989,3566
M,S,1234,755,3566
S,L,0,755,4800
M,S,755,0,4800
L,M,755,4321,479
M,S,1234,3842,479
S,L,0,3842,1713
M,S,1234,2608,1713
S,L,0,2608,2947
M,S,1234,1374,2947
S,L,0,1374,4181
M,S,1234,140,4181
S,L,0,140,5415
M,S,140,0,5415
L,M,140,4321,1094
M,S,1234,3227,1094
S,L,0,3227,2328
M,S,1234,1993,2328
S,L,0,1993,3562
M,S,1234,759,3562
S,L,0,759,4796
M,S,759,0,4796
L,M,759,4321,475
M,S,1234,3846,475
S,L,0,3846,1709
M,S,1234,2612,1709
S,L,0,2612,2943
M,S,1234,1378,2943
S,L,0,1378,4177
M,S,1234,144,4177
S,L,0,144,5411
M,S,144,0,5411
L,M,144,4321,1090
M,S,1234,3231,1090
S,L,0,3231,2324
M,S,1234,1997,2324
S,L,0,1997,3558
M,S,1234,763,3558
S,L,0,763,4792
M,S,763,0,4792
L,M,763,4321,471
M,S,1234,3850,471
S,L,0,3850,1705
M,S,1234,2616,1705
S,L,0,2616,2939
M,S,1234,1382,2939
S,L,0,1382,4173
M,S,1234,148,4173
S,L,0,148,5407
M,S,148,0,5407
L,M,148,4321,1086
M,S,1234,3235,1086
S,L,0,3235,2320
M,S,1234,2001,2320
S,L,0,2001,3554
M,S,1234,767,3554
S,L,0,767,4788
M,S,767,0,4788
L,M,767,4321,467
M,S,1234,3854,467
S,L,0,3854,1701
M,S,1234,2620,1701
S,L,0,2620,2935
M,S,1234,1386,2935
S,L,0,1386,4169
M,S,1234,152,4169
S,L,0,152,5403
M,S,152,0,5403
L,M,152,4321,1082
M,S,1234,3239,1082
S,L,0,3239,2316
M,S,1234,2005,2316
S,L,0,2005,3550
M,S,1234,771,3550
S,L,0,771,4784
M,S,771,0,4784
L,M,771,4321,463
M,S,1234,3858,463
S,L,0,3858,1697
M,S,1234,2624,1697
S,L,0,2624,2931
M,S,1234,1390,2931
S,L,0,1390,4165
M,S,1234,156,4165
S,L,0,156,5399
M,S,156,0,5399
L,M,156,4321,1078
M,S,1234,3243,1078
S,L,0,3243,2312
M,S,1234,2009,2312
S,L,0,2009,3546
M,S,1234,775,3546
S,L,0,775,4780
M,S,775,0,4780
L,M,775,4321,459
M,S,1234,3862,459
S,L,0,3862,1693
M,S,1234,2628,1693
S,L,0,2628,2927
M,S,1234,1394,2927
S,L,0,1394,4161
M,S,1234,160,4161
S,L,0,160,5395
M,S,160,0,5395
L,M,160,4321,1074
M,S,1234,3247,1074
S,L,0,3247,2308
M,S,1234,2013,2308
S,L,0,2013,3542
M,S,1234,779,3542
S,L,0,779,4776
M,S,779,0,4776
L,M,779,4321,455
M,S,1234,3866,455
S,L,0,3866,1689
M,S,1234,2632,1689
S,L,0,2632,2923
M,S,1234,1398,2923
S,L,0,1398,4157
M,S,1234,164,4157
S,L,0,164,5391
M,S,164,0,5391
L,M,164,4321,1070
M,S,1234,3251,1070
S,L,0,3251,2304
M,S,1234,2017,2304
S,L,0,2017,3538
M,S,1234,783,3538
S,L,0,783,4772
M,S,783,0,4772
L,M,783,4321,451
M,S,1234,3870,451
S,L,0,3870,1685
M,S,1234,2636,1685
S,L,0,2636,2919
M,S,1234,1402,2919
S,L,0,1402,4153
M,S,1234,168,4153
S,L,0,168,5387
M,S,168,0,5387
L,M,168,4321,1066
M,S,1234,3255,1066
S,L,0,3255,2300
M,S,1234,2021,2300
S,L,0,2021,3534
M,S,1234,787,3534
S,L,0,787,4768
M,S,787,0,4768
L,M,787,4321,447
M,S,1234,3874,447
S,L,0,3874,1681
M,S,1234,2640,1681
S,L,0,2640,2915
M,S,1234,1406,2915
S,L,0,1406,4149
M,S,1234,172,4149
S,L,0,172,5383
M,S,172,0,5383
L,M,172,4321,1062
M,S,1234,3259,1062
S,L,0,3259,2296
M,S,1234,2025,2296
S,L,0,2025,3530
M,S,1234,791,3530
S,L,0,791,4764
M,S,791,0,4764
L,M,791,4321,443
M,S,1234,3878,443
S,L,0,3878,1677
M,S,1234,2644,1677
S,L,0,2644,2911
M,S,1234,1410,2911
S,L,0,1410,4145
M,S,1234,176,4145
S,L,0,176,5379
M,S,176,0,5379
L,M,176,4321,1058
M,S,1234,3263,1058
S,L,0,3263,2292
M,S,1234,2029,2292
S,L,0,2029,3526
M,S,1234,795,3526
S,L,0,795,4760
M,S,795,0,4760
L,M,795,4321,439
M,S,1234,3882,439
S,L,0,3882,1673
M,S,1234,2648,1673
S,L,0,2648,2907
M,S,1234,1414,2907
S,L,0,1414,4141
M,S,1234,180,4141
S,L,0,180,5375
M,S,180,0,5375
L,M,180,4321,1054
M,S,1234,3267,1054
S,L,0,3267,2288
M,S,1234,2033,2288
S,L,0,2033,3522
M,S,1234,799,3522
S,L,0,799,4756
M,S,799,0,4756
L,M,799,4321,435
M,S,1234,3886,435
S,L,0,3886,1669
M,S,1234,2652,1669
S,L,0,2652,2903
M,S,1234,1418,2903
S,L,0,1418,4137
M,S,1234,184,4137
S,L,0,184,5371
M,S,184,0,5371
L,M,184,4321,1050
M,S,1234,3271,1050
S,L,0,3271,2284
M,S,1234,2037,2284
S,L,0,2037,3518
M,S,1234,803,3518
S,L,0,803,4752
M,S,803,0,4752
L,M,803,4321,431
M,S,1234,3890,431
S,L,0,3890,1665
M,S,1234,2656,1665
S,L,0,2656,2899
M,S,1234,1422,2899
S,L,0,1422,4133
M,S,1234,188,4133
S,L,0,188,5367
M,S,188,0,5367
L,M,188,4321,1046
M,S,1234,3275,1046
S,L,0,3275,2280
M,S,1234,2041,2280
S,L,0,2041,3514
M,S,1234,807,3514
S,L,0,807,4748
M,S,807,0,4748
L,M,807,4321,427
M,S,1234,3894,427
S,L,0,3894,1661
M,S,1234,2660,1661
S,L,0,2660,2895
M,S,1234,1426,2895
S,L,0,1426,4129
M,S,1234,192,4129
S,L,0,192,5363
M,S,192,0,5363
L,M,192,4321,1042
M,S,1234,3279,1042
S,L,0,3279,2276
M,S,1234,2045,2276
S,L,0,2045,3510
M,S,1234,811,3510
S,L,0,811,4744
M,S,811,0,4744
L,M,811,4321,423
M,S,1234,3898,423
S,L,0,3898,1657
M,S,1234,2664,1657
S,L,0,2664,2891
M,S,1234,1430,2891
S,L,0,1430,4125
M,S,1234,196,4125
S,L,0,196,5359
M,S,196,0,5359
L,M,196,4321,1038
M,S,1234,3283,1038
S,L,0,3283,2272
M,S,1234,2049,2272
S,L,0,2049,3506
M,S,1234,815,3506
S,L,0,815,4740
M,S,815,0,4740
L,M,815,4321,419
M,S,1234,3902,419
S,L,0,3902,1653
M,S,1234,2668,1653
S,L,0,2668,2887
M,S,1234,1434,2887
S,L,0,1434,4121
M,S,1234,200,4121
S,L,0,200,5355
M,S,200,0,5355
L,M,200,4321,1034
M,S,1234,3287,1034
S,L,0,3287,2268
M,S,1234,2053,2268
S,L,0,2053,3502
M,S,1234,819,3502
S,L,0,819,4736
M,S,819,0,4736
L,M,819,4321,415
M,S,1234,3906,415
S,L,0,3906,1649
M,S,1234,2672,1649
S,L,0,2672,2883
M,S,1234,1438,2883
S,L,0,1438,4117
M,S,1234,204,4117
S,L,0,204,5351
M,S,204,0,5351
L,M,204,4321,1030
M,S,1234,3291,1030
S,L,0,3291,2264
M,S,1234,2057,2264
S,L,0,2057,3498
M,S,1234,823,3498
S,L,0,823,4732
M,S,823,0,4732
L,M,823,4321,411
M,S,1234,3910,411
S,L,0,3910,1645
M,S,1234,2676,1645
S,L,0,2676,2879
M,S,1234,1442,2879
S,L,0,1442,4113
M,S,1234,208,4113
S,L,0,208,5347
M,S,208,0,5347
L,M,208,4321,1026
M,S,1234,3295,1026
S,L,0,3295,2260
M,S,1234,2061,2260
S,L,0,2061,3494
M,S,1234,827,3494
S,L,0,827,4728
M,S,827,0,4728
L,M,827,4321,407
M,S,1234,3914,407
S,L,0,3914,1641
M,S,1234,2680,1641
S,L,0,2680,2875
M,S,1234,1446,2875
S,L,0,1446,4109
M,S,1234,212,4109
S,L,0,212,5343
M,S,212,0,5343
L,M,212,4321,1022
M,S,1234,3299,1022
S,L,0,3299,2256
M,S,1234,2065,2256
S,L,0,2065,3490
M,S,1234,831,3490
S,L,0,831,4724
M,S,831,0,4724
L,M,831,4321,403
M,S,1234,3918,403
S,L,0,3918,1637
M,S,1234,2684,1637
S,L,0,2684,2871
M,S,1234,1450,2871
S,L,0,1450,4105
M,S,1234,216,4105
S,L,0,216,5339
M,S,216,0,5339
L,M,216,4321,1018
M,S,1234,3303,1018
S,L,0,3303,2252
M,S,1234,2069,2252
S,L,0,2069,3486
M,S,1234,835,3486
S,L,0,835,4720
M,S,835,0,4720
L,M,835,4321,399
M,S,1234,3922,399
S,L,0,3922,1633
M,S,1234,2688,1633
S,L,0,2688,2867
M,S,1234,1454,2867
S,L,0,1454,4101
M,S,1234,220,4101
S,L,0,220,5335
M,S,220,0,5335
L,M,220,4321,1014
M,S,1234,3307,1014
S,L,0,3307,2248
M,S,1234,2073,2248
S,L,0,2073,3482
M,S,1234,839,3482
S,L,0,839,4716
M,S,839,0,4716
L,M,839,4321,395
M,S,1234,3926,395
S,L,0,3926,1629
M,S,1234,2692,1629
S,L,0,2692,2863
M,S,1234,1458,2863
S,L,0,1458,4097
M,S,1234,224,4097
S,L,0,224,5331
M,S,224,0,5331
L,M,224,4321,1010
M,S,1234,3311,1010
S,L,0,3311,2244
M,S,1234,2077,2244
S,L,0,2077,3478
M,S,1234,843,3478
S,L,0,843,4712
M,S,843,0,4712
L,M,843,4321,391
M,S,1234,3930,391
S,L,0,3930,1625
M,S,1234,2696,1625
S,L,0,2696,2859
M,S,1234,1462,2859
S,L,0,1462,4093
M,S,1234,228,4093
S,L,0,228,5327
M,S,228,0,5327
L,M,228,4321,1006
M,S,1234,3315,1006
S,L,0,3315,2240
M,S,1234,2081,2240
S,L,0,2081,3474
M,S,1234,847,3474
S,L,0,847,4708
M,S,847,0,4708
L,M,847,4321,387
M,S,1234,3934,387
S,L,0,3934,1621
M,S,1234,2700,1621
S,L,0,2700,2855
M,S,1234,1466,2855
S,L,0,1466,4089
M,S,1234,232,4089
S,L,0,232,5323
M,S,232,0,5323
L,M,232,4321,1002
M,S,1234,3319,1002
S,L,0,3319,2236
M,S,1234,2085,2236
S,L,0,2085,3470
M,S,1234,851,3470
S,L,0,851,4704
M,S,851,0,4704
L,M,851,4321,383
M,S,1234,3938,383
S,L,0,3938,1617
M,S,1234,2704,1617
S,L,0,2704,2851
M,S,1234,1470,2851
S,L,0,1470,4085
M,S,1234,236,4085
S,L,0,236,5319
M,S,236,0,5319
L,M,236,4321,998
M,S,1234,3323,998
S,L,0,3323,2232
M,S,1234,2089,2232
S,L,0,2089,3466
M,S,1234,855,3466
S,L,0,855,4700
M,S,855,0,4700
L,M,855,4321,379
M,S,1234,3942,379
S,L,0,3942,1613
M,S,1234,2708,1613
S,L,0,2708,2847
M,S,1234,1474,2847
S,L,0,1474,4081
M,S,1234,240,4081
S,L,0,240,5315
M,S,240,0,5315
L,M,240,4321,994
M,S,1234,3327,994
S,L,0,3327,2228
M,S,1234,2093,2228
S,L,0,2093,3462
M,S,1234,859,3462
S,L,0,859,4696
M,S,859,0,4696
L,M,859,4321,375
M,S,1234,3946,375
S,L,0,3946,1609
M,S,1234,2712,1609
S,L,0,2712,2843
M,S,1234,1478,2843
S,L,0,1478,4077
M,S,1234,244,4077
S,L,0,244,5311
M,S,244,0,5311
L,M,244,4321,990
M,S,1234,3331,990
S,L,0,3331,2224
M,S,1234,2097,2224
S,L,0,2097,3458
M,S,1234,863,3458
S,L,0,863,4692
M,S,863,0,4692
L,M,863,4321,371
M,S,1234,3950,371
S,L,0,3950,1605
M,S,1234,2716,1605
S,L,0,2716,2839
M,S,1234,1482,2839
S,L,0,1482,4073
M,S,1234,248,4073
S,L,0,248,5307
M,S,248,0,5307
L,M,248,4321,986
M,S,1234,3335,986
S,L,0,3335,2220
M,S,1234,2101,2220
S,L,0,2101,3454
M,S,1234,867,3454
S,L,0,867,4688
M,S,867,0,4688
L,M,867,4321,367
M,S,1234,3954,367
S,L,0,3954,1601
M,S,1234,2720,1601
S,L,0,2720,2835
M,S,1234,1486,2835
S,L,0,1486,4069
M,S,1234,252,4069
S,L,0,252,5303
M,S,252,0,5303
L,M,252,4321,982
M,S,1234,3339,982
S,L,0,3339,2216
M,S,1234,2105,2216
S,L,0,2105,3450
M,S,1234,871,3450
S,L,0,871,4684
M,S,871,0,4684
L,M,871,4321,363
M,S,1234,3958,363
S,L,0,3958,1597
M,S,1234,2724,1597
S,L,0,2724,2831
M,S,1234,1490,2831
S,L,0,1490,4065
M,S,1234,256,4065
S,L,0,256,5299
M,S,256,0,5299
L,M,256,4321,978
M,S,1234,3343,978
S,L,0,3343,2212
M,S,1234,2109,2212
S,L,0,2109,3446
M,S,1234,875,3446
S,L,0,875,4680
M,S,875,0,4680
L,M,875,4321,359
M,S,1234,3962,359
S,L,0,3962,1593
M,S,1234,2728,1593
S,L,0,2728,2827
M,S,1234,1494,2827
S,L,0,1494,4061
M,S,1234,260,4061
S,L,0,260,5295
M,S,260,0,5295
L,M,260,4321,974
M,S,1234,3347,974
S,L,0,3347,2208
M,S,1234,2113,2208
S,L,0,2113,3442
M,S,1234,879,3442
S,L,0,879,4676
M,S,879,0,4676
L,M,879,4321,355
M,S,1234,3966,355
S,L,0,3966,1589
M,S,1234,2732,1589
S,L,0,2732,2823
M,S,1234,1498,2823
S,L,0,1498,4057
M,S,1234,264,4057
S,L,0,264,5291
M,S,264,0,5291
L,M,264,4321,970
M,S,1234,3351,970
S,L,0,3351,2204
M,S,1234,2117,2204
S,L,0,2117,3438
M,S,1234,883,3438
S,L,0,883,4672
M,S,883,0,4672
L,M,883,4321,351
M,S,1234,3970,351
S,L,0,3970,1585
M,S,1234,2736,1585
S,L,0,2736,2819
M,S,1234,1502,2819
S,L,0,1502,4053
M,S,1234,268,4053
S,L,0,268,5287
M,S,268,0,5287
L,M,268,4321,966
M,S,1234,3355,966
S,L,0,3355,2200
M,S,1234,2121,2200
S,L,0,2121,3434
M,S,1234,887,3434
S,L,0,887,4668
M,S,887,0,4668
L,M,887,4321,347
M,S,1234,3974,347
S,L,0,3974,1581
M,S,1234,2740,1581
S,L,0,2740,2815
M,S,1234,1506,2815
S,L,0,1506,4049
M,S,1234,272,4049
S,L,0,272,5283
M,S,272,0,5283
L,M,272,4321,962
M,S,1234,3359,962
S,L,0,3359,2196
M,S,1234,2125,2196
S,L,0,2125,3430
M,S,1234,891,3430
S,L,0,891,4664
M,S,891,0,4664
L,M,891,4321,343
M,S,1234,3978,343
S,L,0,3978,1577
M,S,1234,2744,1577
S,L,0,2744,2811
M,S,1234,1510,2811
S,L,0,1510,4045
M,S,1234,276,4045
S,L,0,276,5279
M,S,276,0,5279
L,M,276,4321,958
M,S,1234,3363,958
S,L,0,3363,2192
M,S,1234,2129,2192
S,L,0,2129,3426
M,S,1234,895,3426
S,L,0,895,4660
M,S,895,0,4660
L,M,895,4321,339
M,S,1234,3982,339
S,L,0,3982,1573
M,S,1234,2748,1573
S,L,0,2748,2807
M,S,1234,1514,2807
S,L,0,1514,4041
M,S,1234,280,4041
S,L,0,280,5275
M,S,280,0,5275
L,M,280,4321,954
M,S,1234,3367,954
S,L,0,3367,2188
M,S,1234,2133,2188
S,L,0,2133,3422
M,S,1234,899,3422
S,L,0,899,4656
M,S,899,0,4656
L,M,899,4321,335
M,S,1234,3986,335
S,L,0,3986,1569
M,S,1234,2752,1569
S,L,0,2752,2803
M,S,1234,1518,2803
S,L,0,1518,4037
M,S,1234,284,4037
S,L,0,284,5271
M,S,284,0,5271
L,M,284,4321,950
M,S,1234,3371,950
S,L,0,3371,2184
M,S,1234,2137,2184
S,L,0,2137,3418
M,S,1234,903,3418
S,L,0,903,4652
M,S,903,0,4652
L,M,903,4321,331
M,S,1234,3990,331
S,L,0,3990,1565
M,S,1234,2756,1565
S,L,0,2756,2799
M,S,1234,1522,2799
S,L,0,1522,4033
M,S,1234,288,4033
S,L,0,288,5267
M,S,288,0,5267
L,M,288,4321,946
M,S,1234,3375,946
S,L,0,3375,2180
M,S,1234,2141,2180
S,L,0,2141,3414
M,S,1234,907,3414
S,L,0,907,4648
M,S,907,0,4648
L,M,907,4321,327
M,S,1234,3994,327
S,L,0,3994,1561
M,S,1234,2760,1561
S,L,0,2760,2795
M,S,1234,1526,2795
S,L,0,1526,4029
M,S,1234,292,4029
S,L,0,292,5263
M,S,292,0,5263
L,M,292,4321,942
M,S,1234,3379,942
S,L,0,3379,2176
M,S,1234,2145,2176
S,L,0,2145,3410
M,S,1234,911,3410
S,L,0,911,4644
M,S,911,0,4644
L,M,911,4321,323
M,S,1234,3998,323
S,L,0,3998,1557
M,S,1234,2764,1557
S,L,0,2764,2791
M,S,1234,1530,2791
S,L,0,1530,4025
M,S,1234,296,4025
S,L,0,296,5259
M,S,296,0,5259
L,M,296,4321,938
M,S,1234,3383,938
S,L,0,3383,2172
M,S,1234,2149,2172
S,L,0,2149,3406
M,S,1234,915,3406
S,L,0,915,4640
M,S,915,0,4640
L,M,915,4321,319
M,S,1234,4002,319
S,L,0,4002,1553
M,S,1234,2768,1553
S,L,0,2768,2787
M,S,1234,1534,2787
S,L,0,1534,4021
M,S,1234,300,4021
S,L,0,300,5255
M,S,300,0,5255
L,M,300,4321,934
M,S,1234,3387,934
S,L,0,3387,2168
M,S,1234,2153,2168
S,L,0,2153,3402
M,S,1234,919,3402
S,L,0,919,4636
M,S,919,0,4636
L,M,919,4321,315
M,S,1234,4006,315
S,L,0,4006,1549
M,S,1234,2772,1549
S,L,0,2772,2783
M,S,1234,1538,2783
S,L,0,1538,4017
M,S,1234,304,4017
S,L,0,304,5251
M,S,304,0,5251
L,M,304,4321,930
M,S,1234,3391,930
S,L,0,3391,2164
M,S,1234,2157,2164
S,L,0,2157,3398
M,S,1234,923,3398
S,L,0,923,4632
M,S,923,0,4632
L,M,923,4321,311
M,S,1234,4010,311
S,L,0,4010,1545
M,S,1234,2776,1545
S,L,0,2776,2779
M,S,1234,1542,2779
S,L,0,1542,4013
M,S,1234,308,4013
S,L,0,308,5247
M,S,308,0,5247
L,M,308,4321,926
M,S,1234,3395,926
S,L,0,3395,2160
M,S,1234,2161,2160
S,L,0,2161,3394
M,S,1234,927,3394
S,L,0,927,4628
M,S,927,0,4628
L,M,927,4321,307
M,S,1234,4014,307
S,L,0,4014,1541
M,S,1234,2780,1541
S,L,0,2780,2775
M,S,1234,1546,2775
S,L,0,1546,4009
M,S,1234,312,4009
S,L,0,312,5243
M,S,312,0,5243
L,M,312,4321,922
M,S,1234,3399,922
S,L,0,3399,2156
M,S,1234,2165,2156
S,L,0,2165,3390
M,S,1234,931,3390
S,L,0,931,4624
M,S,931,0,4624
L,M,931,4321,303
M,S,1234,4018,303
S,L,0,4018,1537
M,S,1234,2784,1537
S,L,0,2784,2771
M,S,1234,1550,2771
S,L,0,1550,4005
M,S,1234,316,4005
S,L,0,316,5239
M,S,316,0,5239
L,M,316,4321,918
M,S,1234,3403,918
S,L,0,3403,2152
M,S,1234,2169,2152
S,L,0,2169,3386
M,S,1234,935,3386
S,L,0,935,4620
M,S,935,0,4620
L,M,935,4321,299
M,S,1234,4022,299
S,L,0,4022,1533
M,S,1234,2788,1533
S,L,0,2788,2767
M,S,1234,1554,2767
S,L,0,1554,4001
M,S,1234,320,4001
S,L,0,320,5235
M,S,320,0,5235
L,M,320,4321,914
M,S,1234,3407,914
S,L,0,3407,2148
M,S,1234,2173,2148
S,L,0,2173,3382
M,S,1234,939,3382
S,L,0,939,4616
M,S,939,0,4616
L,M,939,4321,295
M,S,1234,4026,295
S,L,0,4026,1529
M,S,1234,2792,1529
S,L,0,2792,2763
M,S,1234,1558,2763
S,L,0,1558,3997
M,S,1234,324,3997
S,L,0,324,5231
M,S,324,0,5231
L,M,324,4321,910
M,S,1234,3411,910
S,L,0,3411,2144
M,S,1234,2177,2144
S,L,0,2177,3378
M,S,1234,943,3378
S,L,0,943,4612
M,S,943,0,4612
L,M,943,4321,291
M,S,1234,4030,291
S,L,0,4030,1525
M,S,1234,2796,1525
S,L,0,2796,2759
M,S,1234,1562,2759
S,L,0,1562,3993
M,S,1234,328,3993
S,L,0,328,5227
M,S,328,0,5227
L,M,328,4321,906
M,S,1234,3415,906
S,L,0,3415,2140
M,S,1234,2181,2140
S,L,0,2181,3374
M,S,1234,947,3374
S,L,0,947,4608
M,S,947,0,4608
L,M,947,4321,287
M,S,1234,4034,287
S,L,0,4034,1521
M,S,1234,2800,1521
S,L,0,2800,2755
M,S,1234,1566,2755
S,L,0,1566,3989
M,S,1234,332,3989
S,L,0,332,5223
M,S,332,0,5223
L,M,332,4321,902
M,S,1234,3419,902
S,L,0,3419,2136
M,S,1234,2185,2136
S,L,0,2185,3370
M,S,1234,951,3370
S,L,0,951,4604
M,S,951,0,4604
L,M,951,4321,283
M,S,1234,4038,283
S,L,0,4038,1517
M,S,1234,2804,1517
S,L,0,2804,2751
M,S,1234,1570,2751
S,L,0,1570,3985
M,S,1234,336,3985
S,L,0,336,5219
M,S,336,0,5219
L,M,336,4321,898
M,S,1234,3423,898
S,L,0,3423,2132
M,S,1234,2189,2132
S,L,0,2189,3366
M,S,1234,955,3366
S,L,0,955,4600
M,S,955,0,4600
L,M,955,4321,279
M,S,1234,4042,279
S,L,0,4042,1513
M,S,1234,2808,1513
S,L,0,2808,2747
M,S,1234,1574,2747
S,L,0,1574,3981
M,S,1234,340,3981
S,L,0,340,5215
M,S,340,0,5215
L,M,340,4321,894
M,S,1234,3427,894
S,L,0,3427,2128
M,S,1234,2193,2128
S,L,0,2193,3362
M,S,1234,959,3362
S,L,0,959,4596
M,S,959,0,4596
L,M,959,4321,275
M,S,1234,4046,275
S,L,0,4046,1509
M,S,1234,2812,1509
S,L,0,2812,2743
M,S,1234,1578,2743
S,L,0,1578,3977
M,S,1234,344,3977
S,L,0,344,5211
M,S,344,0,5211
L,M,344,4321,890
M,S,1234,3431,890
S,L,0,3431,2124
M,S,1234,2197,2124
S,L,0,2197,3358
M,S,1234,963,3358
S,L,0,963,4592
M,S,963,0,4592
L,M,963,4321,271
M,S,1234,4050,271
S,L,0,4050,1505
M,S,1234,2816,1505
S,L,0,2816,2739
M,S,1234,1582,2739
S,L,0,1582,3973
M,S,1234,348,3973
S,L,0,348,5207
M,S,348,0,5207
L,M,348,4321,886
M,S,1234,3435,886
S,L,0,3435,2120
M,S,1234,2201,2120
S,L,0,2201,3354
M,S,1234,967,3354
S,L,0,967,4588
M,S,967,0,4588
L,M,967,4321,267
M,S,1234,4054,267
S,L,0,4054,1501
M,S,1234,2820,1501
S,L,0,2820,2735
M,S,1234,1586,2735
S,L,0,1586,3969
M,S,1234,352,3969
S,L,0,352,5203
M,S,352,0,5203
L,M,352,4321,882
M,S,1234,3439,882
S,L,0,3439,2116
M,S,1234,2205,2116
S,L,0,2205,3350
M,S,1234,971,3350
S,L,0,971,4584
M,S,971,0,4584
L,M,971,4321,263
M,S,1234,4058,263
S,L,0,4058,1497
M,S,1234,2824,1497
S,L,0,2824,2731
M,S,1234,1590,2731
S,L,0,1590,3965
M,S,1234,356,3965
S,L,0,356,5199
M,S,356,0,5199
L,M,356,4321,878
M,S,1234,3443,878
S,L,0,3443,2112
M,S,1234,2209,2112
S,L,0,2209,3346
M,S,1234,975,3346
S,L,0,975,4580
M,S,975,0,4580
L,M,975,4321,259
M,S,1234,4062,259
S,L,0,4062,1493
M,S,1234,2828,1493
S,L,0,2828,2727
M,S,1234,1594,2727
S,L,0,1594,3961
M,S,1234,360,3961
S,L,0,360,5195
M,S,360,0,5195
L,M,360,4321,874
M,S,1234,3447,874
S,L,0,3447,2108
M,S,1234,2213,2108
S,L,0,2213,3342
M,S,1234,979,3342
S,L,0,979,4576
M,S,979,0,4576
L,M,979,4321,255
M,S,1234,4066,255
S,L,0,4066,1489
M,S,1234,2832,1489
S,L,0,2832,2723
M,S,1234,1598,2723
S,L,0,1598,3957
M,S,1234,364,3957
S,L,0,364,5191
M,S,364,0,5191
L,M,364,4321,870
M,S,1234,3451,870
S,L,0,3451,2104
M,S,1234,2217,2104
S,L,0,2217,3338
M,S,1234,983,3338
S,L,0,983,4572
M,S,983,0,4572
L,M,983,4321,251
M,S,1234,4070,251
S,L,0,4070,1485
M,S,1234,2836,1485
S,L,0,2836,2719
M,S,1234,1602,2719
S,L,0,1602,3953
M,S,1234,368,3953
S,L,0,368,5187
M,S,368,0,5187
L,M,368,4321,866
M,S,1234,3455,866
S,L,0,3455,2100
M,S,1234,2221,2100
S,L,0,2221,3334
M,S,1234,987,3334
S,L,0,987,4568
M,S,987,0,4568
L,M,987,4321,247
M,S,1234,4074,247
S,L,0,4074,1481
M,S,1234,2840,1481
S,L,0,2840,2715
M,S,1234,1606,2715
S,L,0,1606,3949
M,S,1234,372,3949
S,L,0,372,5183
M,S,372,0,5183
L,M,372,4321,862
M,S,1234,3459,862
S,L,0,3459,2096
M,S,1234,2225,2096
S,L,0,2225,3330
M,S,1234,991,3330
S,L,0,991,4564
M,S,991,0,4564
L,M,991,4321,243
M,S,1234,4078,243
S,L,0,4078,1477
M,S,1234,2844,1477
S,L,0,2844,2711
M,S,1234,1610,2711
S,L,0,1610,3945
M,S,1234,376,3945
S,L,0,376,5179
M,S,376,0,5179
L,M,376,4321,858
M,S,1234,3463,858
S,L,0,3463,2092
M,S,1234,2229,2092
S,L,0,2229,3326
M,S,1234,995,3326
S,L,0,995,4560
M,S,995,0,4560
L,M,995,4321,239
M,S,1234,4082,239
S,L,0,4082,1473
M,S,1234,2848,1473
S,L,0,2848,2707
M,S,1234,1614,2707
S,L,0,1614,3941
M,S,1234,380,3941
S,L,0,380,5175
M,S,380,0,5175
L,M,380,4321,854
M,S,1234,3467,854
S,L,0,3467,2088
M,S,1234,2233,2088
S,L,0,2233,3322
M,S,1234,999,3322
S,L,0,999,4556
M,S,999,0,4556
L,M,999,4321,235
M,S,1234,4086,235
S,L,0,4086,1469
M,S,1234,2852,1469
S,L,0,2852,2703
M,S,1234,1618,2703
S,L,0,1618,3937
M,S,1234,384,3937
S,L,0,384,5171
M,S,384,0,5171
L,M,384,4321,850
M,S,1234,3471,850
S,L,0,3471,2084
M,S,1234,2237,2084
S,L,0,2237,3318
M,S,1234,1003,3318
S,L,0,1003,4552
M,S,1003,0,4552
L,M,1003,4321,231
M,S,1234,4090,231
S,L,0,4090,1465
M,S,1234,2856,1465
S,L,0,2856,2699
M,S,1234,1622,2699
S,L,0,1622,3933
M,S,1234,388,3933
S,L,0,388,5167
M,S,388,0,5167
L,M,388,4321,846
M,S,1234,3475,846
S,L,0,3475,2080
M,S,1234,2241,2080
S,L,0,2241,3314
M,S,1234,1007,3314
S,L,0,1007,4548
M,S,1007,0,4548
L,M,1007,4321,227
M,S,1234,4094,227
S,L,0,4094,1461
M,S,1234,2860,1461
S,L,0,2860,2695
M,S,1234,1626,2695
S,L,0,1626,3929
M,S,1234,392,3929
S,L,0,392,5163
M,S,392,0,5163
L,M,392,4321,842
M,S,1234,3479,842
S,L,0,3479,2076
M,S,1234,2245,2076
S,L,0,2245,3310
M,S,1234,1011,3310
S,L,0,1011,4544
M,S,1011,0,4544
L,M,1011,4321,223
M,S,1234,4098,223
S,L,0,4098,1457
M,S,1234,2864,1457
S,L,0,2864,2691
M,S,1234,1630,2691
S,L,0,1630,3925
M,S,1234,396,3925
S,L,0,396,5159
M,S,396,0,5159
L,M,396,4321,838
M,S,1234,3483,838
S,L,0,3483,2072
M,S,1234,2249,2072
S,L,0,2249,3306
M,S,1234,1015,3306
S,L,0,1015,4540
M,S,1015,0,4540
L,M,1015,4321,219
M,S,1234,4102,219
S,L,0,4102,1453
M,S,1234,2868,1453
S,L,0,2868,2687
M,S,1234,1634,2687
S,L,0,1634,3921
M,S,1234,400,3921
S,L,0,400,5155
M,S,400,0,5155
L,M,400,4321,834
M,S,1234,3487,834
S,L,0,3487,2068
M,S,1234,2253,2068
S,L,0,2253,3302
M,S,1234,1019,3302
S,L,0,1019,4536
M,S,1019,0,4536
L,M,1019,4321,215
M,S,1234,4106,215
S,L,0,4106,1449
M,S,1234,2872,1449
S,L,0,2872,2683
M,S,1234,1638,2683
S,L,0,1638,3917
M,S,1234,404,3917
S,L,0,404,5151
M,S,404,0,5151
L,M,404,4321,830
M,S,1234,3491,830
S,L,0,3491,2064
M,S,1234,2257,2064
S,L,0,2257,3298
M,S,1234,1023,3298
S,L,0,1023,4532
M,S,1023,0,4532
L,M,1023,4321,211
M,S,1234,4110,211
S,L,0,4110,1445
M,S,1234,2876,1445
S,L,0,2876,2679
M,S,1234,1642,2679
S,L,0,1642,3913
M,S,1234,408,3913
S,L,0,408,5147
M,S,408,0,5147
L,M,408,4321,826
M,S,1234,3495,826
S,L,0,3495,2060
M,S,1234,2261,2060
S,L,0,2261,3294
M,S,1234,1027,3294
S,L,0,1027,4528
M,S,1027,0,4528
L,M,1027,4321,207
M,S,1234,4114,207
S,L,0,4114,1441
M,S,1234,2880,1441
S,L,0,2880,2675
M,S,1234,1646,2675
S,L,0,1646,3909
M,S,1234,412,3909
S,L,0,412,5143
M,S,412,0,5143
L,M,412,4321,822
M,S,1234,3499,822
S,L,0,3499,2056
M,S,1234,2265,2056
S,L,0,2265,3290
M,S,1234,1031,3290
S,L,0,1031,4524
M,S,1031,0,4524
L,M,1031,4321,203
M,S,1234,4118,203
S,L,0,4118,1437
M,S,1234,2884,1437
S,L,0,2884,2671
M,S,1234,1650,2671
S,L,0,1650,3905
M,S,1234,416,3905
S,L,0,416,5139
M,S,416,0,5139
L,M,416,4321,818
M,S,1234,3503,818
S,L,0,3503,2052
M,S,1234,2269,2052
S,L,0,2269,3286
M,S,1234,1035,3286
S,L,0,1035,4520
M,S,1035,0,4520
L,M,1035,4321,199
M,S,1234,4122,199
S,L,0,4122,1433
M,S,1234,2888,1433
S,L,0,2888,2667
M,S,1234,1654,2667
S,L,0,1654,3901
M,S,1234,420,3901
S,L,0,420,5135
M,S,420,0,5135
L,M,420,4321,814
M,S,1234,3507,814
S,L,0,3507,2048
M,S,1234,2273,2048
S,L,0,2273,3282
M,S,1234,1039,3282
S,L,0,1039,4516
M,S,1039,0,4516
L,M,1039,4321,195
M,S,1234,4126,195
S,L,0,4126,1429
M,S,1234,2892,1429
S,L,0,2892,2663
M,S,1234,1658,2663
S,L,0,1658,3897
M,S,1234,424,3897
S,L,0,424,5131
M,S,424,0,5131
L,M,424,4321,810
M,S,1234,3511,810
S,L,0,3511,2044
M,S,1234,2277,2044
S,L,0,2277,3278
M,S,1234,1043,3278
S,L,0,1043,4512
M,S,1043,0,4512
L,M,1043,4321,191
M,S,1234,4130,191
S,L,0,4130,1425
M,S,1234,2896,1425
S,L,0,2896,2659
M,S,1234,1662,2659
S,L,0,1662,3893
M,S,1234,428,3893
S,L,0,428,5127
M,S,428,0,5127
L,M,428,4321,806
M,S,1234,3515,806
S,L,0,3515,2040
M,S,1234,2281,2040
S,L,0,2281,3274
M,S,1234,1047,3274
S,L,0,1047,4508
M,S,1047,0,4508
L,M,1047,4321,187
M,S,1234,4134,187
S,L,0,4134,1421
M,S,1234,2900,1421
S,L,0,2900,2655
M,S,1234,1666,2655
S,L,0,1666,3889
M,S,1234,432,3889
S,L,0,432,5123
M,S,432,0,5123
L,M,432,4321,802
M,S,1234,3519,802
S,L,0,3519,2036
M,S,1234,2285,2036
S,L,0,2285,3270
M,S,1234,1051,3270
S,L,0,1051,4504
M,S,1051,0,4504
L,M,1051,4321,183
M,S,1234,4138,183
S,L,0,4138,1417
M,S,1234,2904,1417
S,L,0,2904,2651
M,S,1234,1670,2651
S,L,0,1670,3885
M,S,1234,436,3885
S,L,0,436,5119
M,S,436,0,5119
L,M,436,4321,798
M,S,1234,3523,798
S,L,0,3523,2032
M,S,1234,2289,2032
S,L,0,2289,3266
M,S,1234,1055,3266
S,L,0,1055,4500
M,S,1055,0,4500
L,M,1055,4321,179
M,S,1234,4142,179
S,L,0,4142,1413
M,S,1234,2908,1413
S,L,0,2908,2647
M,S,1234,1674,2647
S,L,0,1674,3881
M,S,1234,440,3881
S,L,0,440,5115
M,S,440,0,5115
L,M,440,4321,794
M,S,1234,3527,794
S,L,0,3527,2028
M,S,1234,2293,2028
S,L,0,2293,3262
M,S,1234,1059,3262
S,L,0,1059,4496
M,S,1059,0,4496
L,M,1059,4321,175
M,S,1234,4146,175
S,L,0,4146,1409
M,S,1234,2912,1409
S,L,0,2912,2643
M,S,1234,1678,2643
S,L,0,1678,3877
M,S,1234,444,3877
S,L,0,444,5111
M,S,444,0,5111
L,M,444,4321,790
M,S,1234,3531,790
S,L,0,3531,2024
M,S,1234,2297,2024
S,L,0,2297,3258
M,S,1234,1063,3258
S,L,0,1063,4492
M,S,1063,0,4492
L,M,1063,4321,171
M,S,1234,4150,171
S,L,0,4150,1405
M,S,1234,2916,1405
S,L,0,2916,2639
M,S,1234,1682,2639
S,L,0,1682,3873
M,S,1234,448,3873
S,L,0,448,5107
M,S,448,0,5107
L,M,448,4321,786
M,S,1234,3535,786
S,L,0,3535,2020
M,S,1234,2301,2020
S,L,0,2301,3254
M,S,1234,1067,3254
S,L,0,1067,4488
M,S,1067,0,4488
L,M,1067,4321,167
M,S,1234,4154,167
S,L,0,4154,1401
M,S,1234,2920,1401
S,L,0,2920,2635
M,S,1234,1686,2635
S,L,0,1686,3869
M,S,1234,452,3869
S,L,0,452,5103
M,S,452,0,5103
L,M,452,4321,782
M,S,1234,3539,782
S,L,0,3539,2016
M,S,1234,2305,2016
S,L,0,2305,3250
M,S,1234,1071,3250
S,L,0,1071,4484
M,S,1071,0,4484
L,M,1071,4321,163
M,S,1234,4158,163
S,L,0,4158,1397
M,S,1234,2924,1397
S,L,0,2924,2631
M,S,1234,1690,2631
S,L,0,1690,3865
M,S,1234,456,3865
S,L,0,456,5099
M,S,456,0,5099
L,M,456,4321,778
M,S,1234,3543,778
S,L,0,3543,2012
M,S,1234,2309,2012
S,L,0,2309,3246
M,S,1234,1075,3246
S,L,0,1075,4480
M,S,1075,0,4480
L,M,1075,4321,159
M,S,1234,4162,159
S,L,0,4162,1393
M,S,1234,2928,1393
S,L,0,2928,2627
M,S,1234,1694,2627
S,L,0,1694,3861
M,S,1234,460,3861
S,L,0,460,5095
M,S,460,0,5095
L,M,460,4321,774
M,S,1234,3547,774
S,L,0,3547,2008
M,S,1234,2313,2008
S,L,0,2313,3242
M,S,1234,1079,3242
S,L,0,1079,4476
M,S,1079,0,4476
L,M,1079,4321,155
M,S,1234,4166,155
S,L,0,4166,1389
M,S,1234,2932,1389
S,L,0,2932,2623
M,S,1234,1698,2623
S,L,0,1698,3857
M,S,1234,464,3857
S,L,0,464,5091
M,S,464,0,5091
L,M,464,4321,770
M,S,1234,3551,770
S,L,0,3551,2004
M,S,1234,2317,2004
S,L,0,2317,3238
M,S,1234,1083,3238
S,L,0,1083,4472
M,S,1083,0,4472
L,M,1083,4321,151
M,S,1234,4170,151
S,L,0,4170,1385
M,S,1234,2936,1385
S,L,0,2936,2619
M,S,1234,1702,2619
S,L,0,1702,3853
M,S,1234,468,3853
S,L,0,468,5087
M,S,468,0,5087
L,M,468,4321,766
M,S,1234,3555,766
S,L,0,3555,2000
M,S,1234,2321,2000
S,L,0,2321,3234
M,S,1234,1087,3234
S,L,0,1087,4468
M,S,1087,0,4468
L,M,1087,4321,147
M,S,1234,4174,147
S,L,0,4174,1381
M,S,1234,2940,1381
S,L,0,2940,2615
M,S,1234,1706,2615
S,L,0,1706,3849
M,S,1234,472,3849
S,L,0,472,5083
M,S,472,0,5083
L,M,472,4321,762
M,S,1234,3559,762
S,L,0,3559,1996
M,S,1234,2325,1996
S,L,0,2325,3230
M,S,1234,1091,3230
S,L,0,1091,4464
M,S,1091,0,4464
L,M,1091,4321,143
M,S,1234,4178,143
S,L,0,4178,1377
M,S,1234,2944,1377
S,L,0,2944,2611
M,S,1234,1710,2611
S,L,0,1710,3845
M,S,1234,476,3845
S,L,0,476,5079
M,S,476,0,5079
L,M,476,4321,758
M,S,1234,3563,758
S,L,0,3563,1992
M,S,1234,2329,1992
S,L,0,2329,3226
M,S,1234,1095,3226
S,L,0,1095,4460
M,S,1095,0,4460
L,M,1095,4321,139
M,S,1234,4182,139
S,L,0,4182,1373
M,S,1234,2948,1373
S,L,0,2948,2607
M,S,1234,1714,2607
S,L,0,1714,3841
M,S,1234,480,3841
S,L,0,480,5075
M,S,480,0,5075
L,M,480,4321,754
M,S,1234,3567,754
S,L,0,3567,1988
M,S,1234,2333,1988
S,L,0,2333,3222
M,S,1234,1099,3222
S,L,0,1099,4456
M,S,1099,0,4456
L,M,1099,4321,135
M,S,1234,4186,135
S,L,0,4186,1369
M,S,1234,2952,1369
S,L,0,2952,2603
M,S,1234,1718,2603
S,L,0,1718,3837
M,S,1234,484,3837
S,L,0,484,5071
M,S,484,0,5071
L,M,484,4321,750
M,S,1234,3571,750
S,L,0,3571,1984
M,S,1234,2337,1984
S,L,0,2337,3218
M,S,1234,1103,3218
S,L,0,1103,4452
M,S,1103,0,4452
L,M,1103,4321,131
M,S,1234,4190,131
S,L,0,4190,1365
M,S,1234,2956,1365
S,L,0,2956,2599
M,S,1234,1722,2599
S,L,0,1722,3833
M,S,1234,488,3833
S,L,0,488,5067
M,S,488,0,5067
L,M,488,4321,746
M,S,1234,3575,746
S,L,0,3575,1980
M,S,1234,2341,1980
S,L,0,2341,3214
M,S,1234,1107,3214
S,L,0,1107,4448
M,S,1107,0,4448
L,M,1107,4321,127
M,S,1234,4194,127
S,L,0,4194,1361
M,S,1234,2960,1361
S,L,0,2960,2595
M,S,1234,1726,2595
S,L,0,1726,3829
M,S,1234,492,3829
S,L,0,492,5063
M,S,492,0,5063
L,M,492,4321,742
M,S,1234,3579,742
S,L,0,3579,1976
M,S,1234,2345,1976
S,L,0,2345,3210
M,S,1234,1111,3210
S,L,0,1111,4444
M,S,1111,0,4444
L,M,1111,4321,123
M,S,1234,4198,123
S,L,0,4198,1357
M,S,1234,2964,1357
S,L,0,2964,2591
M,S,1234,1730,2591
S,L,0,1730,3825
M,S,1234,496,3825
S,L,0,496,5059
M,S,496,0,5059
L,M,496,4321,738
M,S,1234,3583,738
S,L,0,3583,1972
M,S,1234,2349,1972
S,L,0,2349,3206
M,S,1234,1115,3206
S,L,0,1115,4440
M,S,1115,0,4440
L,M,1115,4321,119
M,S,1234,4202,119
S,L,0,4202,1353
M,S,1234,2968,1353
S,L,0,2968,2587
M,S,1234,1734,2587
S,L,0,1734,3821
M,S,1234,500,3821
S,L,0,500,5055
M,S,500,0,5055
L,M,500,4321,734
M,S,1234,3587,734
S,L,0,3587,1968
M,S,1234,2353,1968
S,L,0,2353,3202
M,S,1234,1119,3202
S,L,0,1119,4436
M,S,1119,0,4436
L,M,1119,4321,115
M,S,1234,4206,115
S,L,0,4206,1349
M,S,1234,2972,1349
S,L,0,2972,2583
M,S,1234,1738,2583
S,L,0,1738,3817
M,S,1234,504,3817
S,L,0,504,5051
M,S,504,0,5051
L,M,504,4321,730
M,S,1234,3591,730
S,L,0,3591,1964
M,S,1234,2357,1964
S,L,0,2357,3198
M,S,1234,1123,3198
S,L,0,1123,4432
M,S,1123,0,4432
L,M,1123,4321,111
M,S,1234,4210,111
S,L,0,4210,1345
M,S,1234,2976,1345
S,L,0,2976,2579
M,S,1234,1742,2579
S,L,0,1742,3813
M,S,1234,508,3813
S,L,0,508,5047
M,S,508,0,5047
L,M,508,4321,726
M,S,1234,3595,726
S,L,0,3595,1960
M,S,1234,2361,1960
S,L,0,2361,3194
M,S,1234,1127,3194
S,L,0,1127,4428
M,S,1127,0,4428
L,M,1127,4321,107
M,S,1234,4214,107
S,L,0,4214,1341
M,S,1234,2980,1341
S,L,0,2980,2575
M,S,1234,1746,2575
S,L,0,1746,3809
M,S,1234,512,3809
S,L,0,512,5043
M,S,512,0,5043
L,M,512,4321,722
M,S,1234,3599,722
S,L,0,3599,1956
M,S,1234,2365,1956
S,L,0,2365,3190
M,S,1234,1131,3190
S,L,0,1131,4424
M,S,1131,0,4424
L,M,1131,4321,103
M,S,1234,4218,103
S,L,0,4218,1337
M,S,1234,2984,1337
S,L,0,2984,2571
M,S,1234,1750,2571
S,L,0,1750,3805
M,S,1234,516,3805
S,L,0,516,5039
M,S,516,0,5039
L,M,516,4321,718
M,S,1234,3603,718
S,L,0,3603,1952
M,S,1234,2369,1952
S,L,0,2369,3186
M,S,1234,1135,3186
S,L,0,1135,4420
M,S,1135,0,4420
L,M,1135,4321,99
M,S,1234,4222,99
S,L,0,4222,1333
M,S,1234,2988,1333
S,L,0,2988,2567
M,S,1234,1754,2567
S,L,0,1754,3801
M,S,1234,520,3801
S,L,0,520,5035
M,S,520,0,5035
L,M,520,4321,714
M,S,1234,3607,714
S,L,0,3607,1948
M,S,1234,2373,1948
S,L,0,2373,3182
M,S,1234,1139,3182
S,L,0,1139,4416
M,S,1139,0,4416
L,M,1139,4321,95
M,S,1234,4226,95
S,L,0,4226,1329
M,S,1234,2992,1329
S,L,0,2992,2563
M,S,1234,1758,2563
S,L,0,1758,3797
M,S,1234,524,3797
S,L,0,524,5031
M,S,524,0,5031
L,M,524,4321,710
M,S,1234,3611,710
S,L,0,3611,1944
M,S,1234,2377,1944
S,L,0,2377,3178
M,S,1234,1143,3178
S,L,0,1143,4412
M,S,1143,0,4412
L,M,1143,4321,91
M,S,1234,4230,91
S,L,0,4230,1325
M,S,1234,2996,1325
S,L,0,2996,2559
M,S,1234,1762,2559
S,L,0,1762,3793
M,S,1234,528,3793
S,L,0,528,5027
M,S,528,0,5027
L,M,528,4321,706
M,S,1234,3615,706
S,L,0,3615,1940
M,S,1234,2381,1940
S,L,0,2381,3174
M,S,1234,1147,3174
S,L,0,1147,4408
M,S,1147,0,4408
L,M,1147,4321,87
M,S,1234,4234,87
S,L,0,4234,1321
M,S,1234,3000,1321
S,L,0,3000,2555
M,S,1234,1766,2555
S,L,0,1766,3789
M,S,1234,532,3789
S,L,0,532,5023
M,S,532,0,5023
L,M,532,4321,702
M,S,1234,3619,702
S,L,0,3619,1936
M,S,1234,2385,1936
S,L,0,2385,3170
M,S,1234,1151,3170
S,L,0,1151,4404
M,S,1151,0,4404
L,M,1151,4321,83
M,S,1234,4238,83
S,L,0,4238,1317
M,S,1234,3004,1317
S,L,0,3004,2551
M,S,1234,1770,2551
S,L,0,1770,3785
M,S,1234,536,3785
S,L,0,536,5019
M,S,536,0,5019
L,M,536,4321,698
M,S,1234,3623,698
S,L,0,3623,1932
M,S,1234,2389,1932
S,L,0,2389,3166
M,S,1234,1155,3166
S,L,0,1155,4400
M,S,1155,0,4400
L,M,1155,4321,79
M,S,1234,4242,79
S,L,0,4242,1313
M,S,1234,3008,1313
S,L,0,3008,2547
M,S,1234,1774,2547
S,L,0,1774,3781
M,S,1234,540,3781
S,L,0,540,5015
M,S,540,0,5015
L,M,540,4321,694
M,S,1234,3627,694
S,L,0,3627,1928
M,S,1234,2393,1928
S,L,0,2393,3162
M,S,1234,1159,3162
S,L,0,1159,4396
M,S,1159,0,4396
L,M,1159,4321,75
M,S,1234,4246,75
S,L,0,4246,1309
M,S,1234,3012,1309
S,L,0,3012,2543
M,S,1234,1778,2543
S,L,0,1778,3777
M,S,1234,544,3777
S,L,0,544,5011
M,S,544,0,5011
L,M,544,4321,690
M,S,1234,3631,690
S,L,0,3631,1924
M,S,1234,2397,1924
S,L,0,2397,3158
M,S,1234,1163,3158
S,L,0,1163,4392
M,S,1163,0,4392
L,M,1163,4321,71
M,S,1234,4250,71
S,L,0,4250,1305
M,S,1234,3016,1305
S,L,0,3016,2539
M,S,1234,1782,2539
S,L,0,1782,3773
M,S,1234,548,3773
S,L,0,548,5007
M,S,548,0,5007
L,M,548,4321,686
M,S,1234,3635,686
S,L,0,3635,1920
M,S,1234,2401,1920
S,L,0,2401,3154
M,S,1234,1167,3154
S,L,0,1167,4388
M,S,1167,0,4388
L,M,1167,4321,67
M,S,1234,4254,67
S,L,0,4254,1301
M,S,1234,3020,1301
S,L,0,3020,2535
M,S,1234,1786,2535
S,L,0,1786,3769
M,S,1234,552,3769
S,L,0,552,5003
M,S,552,0,5003
L,M,552,4321,682
M,S,1234,3639,682
S,L,0,3639,1916
M,S,1234,2405,1916
S,L,0,2405,3150
M,S,1234,1171,3150
S,L,0,1171,4384
M,S,1171,0,4384
L,M,1171,4321,63
M,S,1234,4258,63
S,L,0,4258,1297
M,S,1234,3024,1297
S,L,0,3024,2531
M,S,1234,1790,2531
S,L,0,1790,3765
M,S,1234,556,3765
S,L,0,556,4999
M,S,556,0,4999
L,M,556,4321,678
M,S,1234,3643,678
S,L,0,3643,1912
M,S,1234,2409,1912
S,L,0,2409,3146
M,S,1234,1175,3146
S,L,0,1175,4380
M,S,1175,0,4380
L,M,1175,4321,59
M,S,1234,4262,59
S,L,0,4262,1293
M,S,1234,3028,1293
S,L,0,3028,2527
M,S,1234,1794,2527
S,L,0,1794,3761
M,S,1234,560,3761
S,L,0,560,4995
M,S,560,0,4995
L,M,560,4321,674
M,S,1234,3647,674
S,L,0,3647,1908
M,S,1234,2413,1908
S,L,0,2413,3142
M,S,1234,1179,3142
S,L,0,1179,4376
M,S,1179,0,4376
L,M,1179,4321,55
M,S,1234,4266,55
S,L,0,4266,1289
M,S,1234,3032,1289
S,L,0,3032,2523
M,S,1234,1798,2523
S,L,0,1798,3757
M,S,1234,564,3757
S,L,0,564,4991
M,S,564,0,4991
L,M,564,4321,670
M,S,1234,3651,670
S,L,0,3651,1904
M,S,1234,2417,1904
S,L,0,2417,3138
M,S,1234,1183,3138
S,L,0,1183,4372
M,S,1183,0,4372
L,M,1183,4321,51
M,S,1234,4270,51
S,L,0,4270,1285
M,S,1234,3036,1285
S,L,0,3036,2519
M,S,1234,1802,2519
S,L,0,1802,3753
M,S,1234,568,3753
S,L,0,568,4987
M,S,568,0,4987
L,M,568,4321,666
M,S,1234,3655,666
S,L,0,3655,1900
M,S,1234,2421,1900
S,L,0,2421,3134
M,S,1234,1187,3134
S,L,0,1187,4368
M,S,1187,0,4368
L,M,1187,4321,47
M,S,1234,4274,47
S,L,0,4274,1281
M,S,1234,3040,1281
S,L,0,3040,2515
M,S,1234,1806,2515
S,L,0,1806,3749
M,S,1234,572,3749
S,L,0,572,4983
M,S,572,0,4983
L,M,572,4321,662
M,S,1234,3659,662
S,L,0,3659,1896
M,S,1234,2425,1896
S,L,0,2425,3130
M,S,1234,1191,3130
S,L,0,1191,4364
M,S,1191,0,4364
L,M,1191,4321,43
M,S,1234,4278,43
S,L,0,4278,1277
M,S,1234,3044,1277
S,L,0,3044,2511
M,S,1234,1810,2511
S,L,0,1810,3745
M,S,1234,576,3745
S,L,0,576,4979
M,S,576,0,4979
L,M,576,4321,658
M,S,1234,3663,658
S,L,0,3663,1892
M,S,1234,2429,1892
S,L,0,2429,3126
M,S,1234,1195,3126
S,L,0,1195,4360
M,S,1195,0,4360
L,M,1195,4321,39
M,S,1234,4282,39
S,L,0,4282,1273
M,S,1234,3048,1273
S,L,0,3048,2507
M,S,1234,1814,2507
S,L,0,1814,3741
M,S,1234,580,3741
S,L,0,580,4975
M,S,580,0,4975
L,M,580,4321,654
M,S,1234,3667,654
S,L,0,3667,1888
M,S,1234,2433,1888
S,L,0,2433,3122
M,S,1234,1199,3122
S,L,0,1199,4356
M,S,1199,0,4356
L,M,1199,4321,35
M,S,1234,4286,35
S,L,0,4286,1269
M,S,1234,3052,1269
S,L,0,3052,2503
M,S,1234,1818,2503
S,L,0,1818,3737
M,S,1234,584,3737
S,L,0,584,4971
M,S,584,0,4971
L,M,584,4321,650
M,S,1234,3671,650
S,L,0,3671,1884
M,S,1234,2437,1884
S,L,0,2437,3118
M,S,1234,1203,3118
S,L,0,1203,4352
M,S,1203,0,4352
L,M,1203,4321,31
M,S,1234,4290,31
S,L,0,4290,1265
M,S,1234,3056,1265
S,L,0,3056,2499
M,S,1234,1822,2499
S,L,0,1822,3733
M,S,1234,588,3733
S,L,0,588,4967
M,S,588,0,4967
L,M,588,4321,646
M,S,1234,3675,646
S,L,0,3675,1880
M,S,1234,2441,1880
S,L,0,2441,3114
M,S,1234,1207,3114
S,L,0,1207,4348
M,S,1207,0,4348
L,M,1207,4321,27
M,S,1234,4294,27
S,L,0,4294,1261
M,S,1234,3060,1261
S,L,0,3060,2495
M,S,1234,1826,2495
S,L,0,1826,3729
M,S,1234,592,3729
S,L,0,592,4963
M,S,592,0,4963
L,M,592,4321,642
M,S,1234,3679,642
S,L,0,3679,1876
M,S,1234,2445,1876
S,L,0,2445,3110
M,S,1234,1211,3110
S,L,0,1211,4344
M,S,1211,0,4344
L,M,1211,4321,23
M,S,1234,4298,23
S,L,0,4298,1257
M,S,1234,3064,1257
S,L,0,3064,2491
M,S,1234,1830,2491
S,L,0,1830,3725
M,S,1234,596,3725
S,L,0,596,4959
M,S,596,0,4959
L,M,596,4321,638
M,S,1234,3683,638
S,L,0,3683,1872
M,S,1234,2449,1872
S,L,0,2449,3106
M,S,1234,1215,3106
S,L,0,1215,4340
M,S,1215,0,4340
L,M,1215,4321,19
M,S,1234,4302,19
S,L,0,4302,1253
M,S,1234,3068,1253
S,L,0,3068,2487
M,S,1234,1834,2487
S,L,0,1834,3721
M,S,1234,600,3721
S,L,0,600,4955
M,S,600,0,4955
L,M,600,4321,634
M,S,1234,3687,634
S,L,0,3687,1868
M,S,1234,2453,1868
S,L,0,2453,3102
M,S,1234,1219,3102
S,L,0,1219,4336
M,S,1219,0,4336
L,M,1219,4321,15
M,S,1234,4306,15
S,L,0,4306,1249
M,S,1234,3072,1249
S,L,0,3072,2483
M,S,1234,1838,2483
S,L,0,1838,3717
M,S,1234,604,3717
S,L,0,604,4951
M,S,604,0,4951
L,M,604,4321,630
M,S,1234,3691,630
S,L,0,3691,1864
M,S,1234,2457,1864
S,L,0,2457,3098
M,S,1234,1223,3098
S,L,0,1223,4332
M,S,1223,0,4332
L,M,1223,4321,11
M,S,1234,4310,11
S,L,0,4310,1245
M,S,1234,3076,1245
S,L,0,3076,2479
M,S,1234,1842,2479
S,L,0,1842,3713
M,S,1234,608,3713
S,L,0,608,4947
M,S,608,0,4947
L,M,608,4321,626
M,S,1234,3695,626
S,L,0,3695,1860
M,S,1234,2461,1860
S,L,0,2461,3094
M,S,1234,1227,3094
S,L,0,1227,4328
M,S,1227,0,4328
L,M,1227,4321,7
M,S,1234,4314,7
S,L,0,4314,1241
M,S,1234,3080,1241
S,L,0,3080,2475
M,S,1234,1846,2475
S,L,0,1846,3709
M,S,1234,612,3709
S,L,0,612,4943
M,S,612,0,4943
L,M,612,4321,622
M,S,1234,3699,622
S,L,0,3699,1856
M,S,1234,2465,1856
S,L,0,2465,3090
M,S,1234,1231,3090
S,L,0,1231,4324
M,S,1231,0,4324
L,M,1231,4321,3
M,S,1234,4318,3
S,L,0,4318,1237
M,S,1234,3084,1237
S,L,0,3084,2471
M,S,1234,1850,2471
S,L,0,1850,3705
M,S,1234,616,3705
S,L,0,616,4939
M,S,616,0,4939
L,M,616,4321,618
M,S,1234,3703,618
S,L,0,3703,1852
M,S,1234,2469,1852
S,L,0,2469,3086
M,S,1234,1235,3086
S,L,0,1235,4320
M,S,1234,1,4320
